7718,501-624,NEON-NIGHT,14290.00 ₽,"Шар светодиодный 230V, диаметр 90 см, 320 светодиодов, цвет белый",шт,1,1
7719,501-625,NEON-NIGHT,20290.00 ₽,"Шар светодиодный 230V, диаметр 120 см, 600 светодиодов, цвет белый",шт,1,1
4311,501-607,NEON-NIGHT,1590.00 ₽,"Шар светодиодный 220V, диаметр 20 см, 200 светодиодов, цвет синий",шт,1,3
2018,506-215,NEON-NIGHT,16790.00 ₽,"Фигура ""Шар"", LED подсветка диам. 120см, красный NEON-NIGHT",шт,1,0
16836,501-416,NEON-NIGHT,60900.00 ₽,"Фигура объемная пушистая ""Олень Пьющий""",шт,1,0
6386,514-268,NEON-NIGHT,2490.00 ₽,"Синтетическая 3D фигура ""Медвежонок с подарком "", 51 см, 36 светодиодов",шт,1,1
6444,501-614,NEON-NIGHT,14190.00 ₽,"Шар светодиодный 230V, диаметр 80 см, 450 светодиодов, эффект мерцания, цвет белый NEON-NIGHT",шт,1,3
6386,514-268,NEON-NIGHT,2490.00 ₽,"Синтетическая 3D фигура ""Медвежонок с подарком "", 51 см, 36 светодиодов",шт,1,1
4310,501-606,NEON-NIGHT,1590.00 ₽,"Шар светодиодный 220V, диаметр 20 см, 200 светодиодов, цвет белый",шт,1,1
2017,506-214,NEON-NIGHT,11690.00 ₽,"Фигура ""Шар"", LED подсветка диам. 80см, синий NEON-NIGHT",шт,1,1
16837,501-417,NEON-NIGHT,60900.00 ₽,"Фигура объемная пушистая ""Олень Лежачий""",шт,1,0
6443,501-613,NEON-NIGHT,8190.00 ₽,"Шар светодиодный 230V, диаметр 50 см, 200 светодиодов, эффект мерцания, цвет белый NEON-NIGHT",шт,1,1
3079,503-112,NEON-NIGHT,201900.00 ₽,Фигура олени с санями NEON-NIGHT,шт,1,1
4309,501-602,NEON-NIGHT,669.00 ₽,"Шар светодиодный 220V, диаметр 12 см, 50 светодиодов, цвет синий",шт,1,5
2016,506-213,NEON-NIGHT,11690.00 ₽,"Фигура ""Шар"", LED подсветка диам. 80см, красный NEON-NIGHT",шт,1,1
16838,501-414,NEON-NIGHT,66900.00 ₽,"Фигура объемная пушистая ""Олень Динамика""",шт,1,0
6442,501-612,NEON-NIGHT,4990.00 ₽,"Шар светодиодный 230V, диаметр 30 см, 120 светодиодов, эффект мерцания, цвет белый NEON-NIGHT",шт,1,2
3091,506-282,NEON-NIGHT,7790.00 ₽,"Фигура ""Дед мороз с мешком"", LED подсветка выс.210см NEON-NIGHT (+транс.)",шт,1,1
4308,501-601,NEON-NIGHT,669.00 ₽,"Шар светодиодный 220V, диаметр 12 см, 50 светодиодов, цвет белый",шт,1,5
2015,506-212,NEON-NIGHT,4990.00 ₽,"Фигура ""Шар"", LED подсветка диам. 40см, синий NEON-NIGHT",шт,1,1
16839,501-415,NEON-NIGHT,66900.00 ₽,"Фигура объемная пушистая ""Олень Статика""",шт,1,0
2020,506-241,NEON-NIGHT,5490.00 ₽,"Фигура ""Звезда 8-ми конечная"", LED подсветка высота 120см, красно-белая NEON-NIGHT",шт,1,1
2014,506-211,NEON-NIGHT,4990.00 ₽,"Фигура ""Шар"", LED подсветка диам. 40см, красный NEON-NIGHT",шт,1,1
3092,506-283,NEON-NIGHT,16790.00 ₽,"Фигура ""Снеговик со звездой"", LED подсветка выс.150см (+транс.)",шт,1,0
2021,506-242,NEON-NIGHT,5490.00 ₽,"Фигура ""Звезда 8-ми конечная"", LED подсветка высота 120см, бело-золотая NEON-NIGHT",шт,1,1
2026,506-264,NEON-NIGHT,13190.00 ₽,"Фигура ""Колокол"", LED подсветка диам.75см выс.80см, синий NEON-NIGHT",шт,1,1
3471,506-244,NEON-NIGHT,10090.00 ₽,"Фигура ""Звезда 8-ми конечная"", LED подсветка высота 180см, бело-золотая NEON-NIGHT",шт,1,1
2025,506-263,NEON-NIGHT,13190.00 ₽,"Фигура ""Колокол"", LED подсветка диам.75см выс.80см, красный NEON-NIGHT",шт,1,1
2025,506-263,NEON-NIGHT,13190.00 ₽,"Фигура ""Колокол"", LED подсветка диам.75см выс.80см, красный NEON-NIGHT",шт,1,1
3471,506-244,NEON-NIGHT,10090.00 ₽,"Фигура ""Звезда 8-ми конечная"", LED подсветка высота 180см, бело-золотая NEON-NIGHT",шт,1,1
2026,506-264,NEON-NIGHT,13190.00 ₽,"Фигура ""Колокол"", LED подсветка диам.75см выс.80см, синий NEON-NIGHT",шт,1,1
2021,506-242,NEON-NIGHT,5490.00 ₽,"Фигура ""Звезда 8-ми конечная"", LED подсветка высота 120см, бело-золотая NEON-NIGHT",шт,1,1
3092,506-283,NEON-NIGHT,16790.00 ₽,"Фигура ""Снеговик со звездой"", LED подсветка выс.150см (+транс.)",шт,1,0
2020,506-241,NEON-NIGHT,5490.00 ₽,"Фигура ""Звезда 8-ми конечная"", LED подсветка высота 120см, красно-белая NEON-NIGHT",шт,1,1
6442,501-612,NEON-NIGHT,4990.00 ₽,"Шар светодиодный 230V, диаметр 30 см, 120 светодиодов, эффект мерцания, цвет белый NEON-NIGHT",шт,1,2
3079,503-112,NEON-NIGHT,201900.00 ₽,Фигура олени с санями NEON-NIGHT,шт,1,1
6443,501-613,NEON-NIGHT,8190.00 ₽,"Шар светодиодный 230V, диаметр 50 см, 200 светодиодов, эффект мерцания, цвет белый NEON-NIGHT",шт,1,1
3091,506-282,NEON-NIGHT,7790.00 ₽,"Фигура ""Дед мороз с мешком"", LED подсветка выс.210см NEON-NIGHT (+транс.)",шт,1,1
6444,501-614,NEON-NIGHT,14190.00 ₽,"Шар светодиодный 230V, диаметр 80 см, 450 светодиодов, эффект мерцания, цвет белый NEON-NIGHT",шт,1,3
2014,506-211,NEON-NIGHT,4990.00 ₽,"Фигура ""Шар"", LED подсветка диам. 40см, красный NEON-NIGHT",шт,1,1
2015,506-212,NEON-NIGHT,4990.00 ₽,"Фигура ""Шар"", LED подсветка диам. 40см, синий NEON-NIGHT",шт,1,1
2016,506-213,NEON-NIGHT,11690.00 ₽,"Фигура ""Шар"", LED подсветка диам. 80см, красный NEON-NIGHT",шт,1,1
2017,506-214,NEON-NIGHT,11690.00 ₽,"Фигура ""Шар"", LED подсветка диам. 80см, синий NEON-NIGHT",шт,1,1
2018,506-215,NEON-NIGHT,16790.00 ₽,"Фигура ""Шар"", LED подсветка диам. 120см, красный NEON-NIGHT",шт,1,0
4308,501-601,NEON-NIGHT,669.00 ₽,"Шар светодиодный 220V, диаметр 12 см, 50 светодиодов, цвет белый",шт,1,5
4309,501-602,NEON-NIGHT,669.00 ₽,"Шар светодиодный 220V, диаметр 12 см, 50 светодиодов, цвет синий",шт,1,5
4310,501-606,NEON-NIGHT,1590.00 ₽,"Шар светодиодный 220V, диаметр 20 см, 200 светодиодов, цвет белый",шт,1,1
4311,501-607,NEON-NIGHT,1590.00 ₽,"Шар светодиодный 220V, диаметр 20 см, 200 светодиодов, цвет синий",шт,1,3
7718,501-624,NEON-NIGHT,14290.00 ₽,"Шар светодиодный 230V, диаметр 90 см, 320 светодиодов, цвет белый",шт,1,1
7719,501-625,NEON-NIGHT,20290.00 ₽,"Шар светодиодный 230V, диаметр 120 см, 600 светодиодов, цвет белый",шт,1,1
16836,501-416,NEON-NIGHT,60900.00 ₽,"Фигура объемная пушистая ""Олень Пьющий""",шт,1,0
16837,501-417,NEON-NIGHT,60900.00 ₽,"Фигура объемная пушистая ""Олень Лежачий""",шт,1,0
16838,501-414,NEON-NIGHT,66900.00 ₽,"Фигура объемная пушистая ""Олень Динамика""",шт,1,0
16839,501-415,NEON-NIGHT,66900.00 ₽,"Фигура объемная пушистая ""Олень Статика""",шт,1,0
